{
  "project_info": {
    "project_number": "618486061233",
    "firebase_url": "https://tests-f0cec-default-rtdb.asia-southeast1.firebasedatabase.app",
    "project_id": "tests-f0cec",
    "storage_bucket": "tests-f0cec.firebasestorage.app"
  },
  "client": [
    {
      "client_info": {
        "mobilesdk_app_id": "1:618486061233:android:35cfdfe53df9a9f6f02a90",
        "android_client_info": {
          "package_name": "com.newteam.salon"
        }
      },
      "oauth_client": [],
      "api_key": [
        {
          "current_key": "AIzaSyBeuJKt3nXiERrkUZ1MsET2Pwnl_oRtgGs"
        }
      ],
      "services": {
        "appinvite_service": {
          "other_platform_oauth_client": []
        }
      }
    }
  ],
  "configuration_version": "1"
}